prompt,prompt_ko,subtitle,characters,scene_tag,style_tag,shot_type,duration,start_time,end_time,parent_scene
"Extreme close-up of aged feminine hands opening a brass pocket watch, engraved initials T.B. & E.P. visible on the back, a folded yellowed letter tucked inside the case, warm amber lamplight, shallow depth of field, dust motes floating, 1994 interior setting, intimate and mysterious atmosphere",포켓워치를 여는 손 클로즈업,"In the autumn of 1994, a woman opened a dead man's pocket watch and found a letter inside.",Sophie,pocket_watch_close,"cinematic photorealistic, warm golden hour lighting, film grain, 1940s wartime aesthetic",scene,6.6,0.000,6.559,S001
"Close-up of a yellowed handwritten letter unfolding from inside a brass pocket watch, elegant copperplate penmanship visible, the last two lines smudged and blurred with old ink stains, candlelight warmth on aged paper, shallow depth of field, nostalgic sepia-toned atmosphere",편지의 아름다운 글씨와 번진 마지막 두 줄,"It had been written fifty years earlier, on the night before D-Day. The words were beautiful. The penmanship was elegant. And the last two lines were smudged beyond reading.",Sophie,pocket_watch_close,"cinematic photorealistic, warm golden hour lighting, film grain, 1940s wartime aesthetic",narration,11.3,6.559,17.873,S001
"A brass pocket watch lying open on a dark wooden surface, the yellowed letter partially visible inside, soft ticking implied by shallow depth of field on the watch hands, dim moody lighting with a single warm lamp, melancholy contemplative atmosphere, 1994 setting","포켓워치와 편지 — 50년간 보내지 못한 사랑의 편지","The soldier survived the war. He came home. He married someone else. He never sent the letter. Why would a man carry a love letter for fifty years and never mail it? This is ""Words I Never Said.""",Sophie,pocket_watch_close,"cinematic photorealistic, warm golden hour lighting, film grain, 1940s wartime aesthetic",narration,14.1,17.873,31.961,S001
"Wide shot of a quiet rural Pennsylvania cemetery on a gray October morning, bare trees with amber and brown leaves falling, rows of modest headstones on gentle rolling hills, a young woman in a beige trench coat standing alone at a fresh grave, overcast sky casting soft diffused light, somber peaceful atmosphere",가을 펜실베이니아 묘지에 선 소피,"On a gray October morning, Sophie Bennett stood at her grandfather's grave and realized she had never really known him.",Sophie,cemetery_pennsylvania,"cinematic photorealistic, warm golden hour lighting, film grain, 1940s wartime aesthetic",scene,7.4,31.961,39.409,S002
"Medium shot at a Pennsylvania cemetery, a 55-year-old man in a dark suit with graying temples stands rigidly beside a younger woman in a trench coat near a fresh gravestone reading Thomas Bennett, bare autumn trees in background, a few mourners departing, overcast gray sky, muted earth tones, somber funeral atmosphere",리처드가 소피에게 열쇠를 건넨다,"Thomas Bennett. Eighty years old. A carpenter. A quiet man who built things with his hands and kept everything else locked inside his chest. (Richard) He didn't want a fuss. Said just put him in the ground next to your grandmother.","Sophie,Richard",cemetery_pennsylvania,"cinematic photorealistic, warm golden hour lighting, film grain, 1940s wartime aesthetic",dialogue,14.8,39.409,54.174,S002
"Close-up of Richard's weathered hand extending an old brass key toward Sophie, cemetery headstones soft-focused in the background, autumn leaves on the ground, overcast light, emotional weight visible in the gesture, muted color palette",리처드가 열쇠를 건네는 클로즈업,"After the service, Richard handed Sophie a key. ""Someone has to sort through his things. I can't do it.""","Sophie,Richard",cemetery_pennsylvania,"cinematic photorealistic, warm golden hour lighting, film grain, 1940s wartime aesthetic",dialogue,6.3,54.174,60.472,S002
"Medium close-up of Sophie holding an old brass key in her palm, looking down at it with a conflicted expression of guilt and determination, cemetery path behind her with fallen leaves, soft overcast light on her face, beige trench coat and dark scarf, introspective mood",열쇠를 쥔 소피의 복잡한 표정,"Sophie took the key. She had things she'd never said to him either — visits she'd skipped, calls she'd cut short. Maybe that's why the key felt so heavy.",Sophie,cemetery_pennsylvania,"cinematic photorealistic, warm golden hour lighting, film grain, 1940s wartime aesthetic",reaction,9.9,60.472,70.349,S002
"Wide shot of a dusty old attic with wooden beams, warm afternoon light filtering through a small window illuminating dust motes, stacked cardboard boxes and folded Army blankets, Sophie kneeling beside an open cigar box discovering a brass pocket watch, sawdust on the floorboards, nostalgic golden atmosphere",다락방에서 시가 상자 속 포켓워치를 발견하는 소피,"Tom's attic smelled of sawdust and decades. In a cigar box tucked behind Army blankets — a pocket watch.",Sophie,attic,"cinematic photorealistic, warm golden hour lighting, film grain, 1940s wartime aesthetic",scene,8.8,70.349,79.155,S003
"Extreme close-up of Sophie's fingers turning over a brass pocket watch, the engraved initials T.B. & E.P. clearly visible on the worn smooth back, warm afternoon light from an attic window, shallow depth of field, the brass glowing golden, intimate and mysterious",포켓워치 뒷면의 T.B. & E.P. 이니셜 클로즈업,"Brass, worn smooth by years of handling. On the back, two sets of initials: T.B. & E.P. Thomas Bennett — and someone who was not her grandmother.",Sophie,attic,"cinematic photorealistic, warm golden hour lighting, film grain, 1940s wartime aesthetic",reaction,10.9,79.155,90.077,S003
"Close-up of Sophie's hands carefully opening the pocket watch back plate in the attic, a thin yellowed folded letter visible molded to the metal inside, warm golden window light catching the aged paper, dust motes in the air, sense of discovery and reverence",포켓워치 안에서 접힌 편지를 발견하는 순간,"Sophie pressed the clasp. Behind the back plate, folded so thin it had molded to the metal, was a single sheet of paper. A letter. Yellow with age.",Sophie,attic,"cinematic photorealistic, warm golden hour lighting, film grain, 1940s wartime aesthetic",scene,11.4,90.077,101.469,S003
"Close-up of a yellowed letter being carefully unfolded on a dusty attic floor, elegant copperplate handwriting visible reading My dearest Eleanor, warm afternoon light from a small window casting long shadows, Army blankets and cigar box in soft background, intimate emotional atmosphere",엘레가니한 필체의 편지를 읽는 소피,"The handwriting was elegant. Almost too elegant. ""My dearest Eleanor. I am writing this by candlelight in a tent that leaks when it rains. Tomorrow we cross the Channel. I don't know what waits for us on the other side.""",Sophie,attic,"cinematic photorealistic, warm golden hour lighting, film grain, 1940s wartime aesthetic",narration,14.6,101.469,116.103,S003
"Medium shot of Sophie sitting cross-legged on the attic floor reading the letter, her face illuminated by warm window light showing growing emotion, the letter in her hands with smudged ink visible at the bottom, Army memorabilia scattered around her, dust motes floating, contemplative atmosphere",편지의 마지막 두 줄이 번져있음을 발견하는 소피,"The letter spoke of walks along the English coast. Of a promise made under stars. But the last two lines were ruined — the ink smeared beyond reading. Sophie called her father.",Sophie,attic,"cinematic photorealistic, warm golden hour lighting, film grain, 1940s wartime aesthetic",narration,13.0,116.103,129.091,S003
"Split composition: Sophie in the dusty attic holding a phone to her ear with the letter in her other hand looking anxious, warm attic light on her face, pocket watch visible on the floor beside her, tense emotional atmosphere of a difficult phone conversation",소피가 아버지에게 전화하지만 리처드가 끊어버린다,"(Sophie) Dad, who is Eleanor Parish? (Richard) Put it back. Don't mention that name again. He hung up. And Sophie knew this letter was the reason her grandfather had been quiet all his life.","Sophie,Richard",attic,"cinematic photorealistic, warm golden hour lighting, film grain, 1940s wartime aesthetic",dialogue,12.3,129.091,141.377,S003
"Medium shot of a dimly lit living room at evening, Richard sitting in a leather armchair in shadow with an untouched glass of whiskey on the side table, Sophie standing in the doorway silhouetted by hallway light, tension between father and daughter, moody chiaroscuro lighting, 1994 American home interior",어두운 거실에서 리처드와 대면하는 소피,"Sophie drove to her father's house. Richard sat in the dark, a glass of whiskey untouched. (Sophie) His last words, Dad. What were Grandpa's last words? (Richard) He said... 'Tell her I'm sorry.' (Sophie) Tell who?","Sophie,Richard",kitchen_table,"cinematic photorealistic, warm golden hour lighting, film grain, 1940s wartime aesthetic",dialogue,14.6,141.377,156.016,S004
"Close-up of Richard's face half in shadow, eyes glistening with suppressed emotion, the whiskey glass catching a sliver of light in the foreground, as he reveals the name Eleanor Parish, dark moody interior lighting, portrait framing, raw emotional vulnerability",엘레노어 패리쉬에 대해 말하는 리처드,"(Richard) Her name was Eleanor Parish. A British nurse. He met her in England before D-Day. That's all he ever told me. Sophie held the watch in her pocket. The ticking felt like a heartbeat — patient, waiting.","Sophie,Richard",kitchen_table,"cinematic photorealistic, warm golden hour lighting, film grain, 1940s wartime aesthetic",dialogue,14.1,156.016,170.128,S004
"Medium shot of Sophie standing by a window at night, her reflection visible in the dark glass, one hand in her coat pocket clutching the pocket watch, determined expression on her face, car headlights streaking outside, a sense of resolve and mission forming, cool blue moonlight mixed with warm interior glow",엘레노어를 찾기로 결심하는 소피,"She was going to find Eleanor Parish. She was going to deliver the words her grandfather never said.",Sophie,kitchen_table,"cinematic photorealistic, warm golden hour lighting, film grain, 1940s wartime aesthetic",narration,6.8,170.128,176.923,S004
"Wide shot of a nursing home common room in Virginia, soft fluorescent lighting, an elderly man in a wheelchair wearing a veteran's cap near a window, Sophie sitting across from him leaning forward attentively, other elderly residents in soft background, warm institutional atmosphere, 1994 setting",요양원에서 조지 휘트필드를 만나는 소피,"Before flying to England, Sophie tracked down George Whitfield — eighty-seven years old, Tom's closest friend from the war.","Sophie,George",nursing_home,"cinematic photorealistic, warm golden hour lighting, film grain, 1940s wartime aesthetic",scene,8.8,176.923,185.729,S005
"Close-up of George's aged face in the wheelchair, sharp intelligent eyes lighting up with memory, veteran's cap slightly askew, warm smile breaking across weathered features as he recalls Tommy and Eleanor, soft window light on his face, nursing home background blurred, deeply nostalgic emotion","토미와 엘레노어를 회상하며 미소 짓는 조지","(George) Tommy Bennett. My God. Those two — Tommy and Eleanor — they were the only beautiful thing in that whole ugly war. (Sophie) What happened to them? (George) D-Day happened. Then George said something Sophie filed away without understanding.","Sophie,George",nursing_home,"cinematic photorealistic, warm golden hour lighting, film grain, 1940s wartime aesthetic",dialogue,14.9,185.729,200.655,S005
"Medium close-up of George in his wheelchair gesturing with gnarled hands as he speaks, a knowing look in his eyes, the nursing home common room softly lit behind him, television flickering in the far background, veteran's cap prominent, storytelling posture",조지가 톰의 글씨체에 대해 말하다,"(George) Your grandfather couldn't write worth a damn. Hands made for plows, not pens. I used to write his letters home for him.",George,nursing_home,"cinematic photorealistic, warm golden hour lighting, film grain, 1940s wartime aesthetic",dialogue,7.5,200.655,208.155,S005
"Wide establishing shot dissolving from the nursing home to an imagined 1944 scene: a young soldier and a young nurse silhouetted on the Dorset cliffs at sunset, military ships in the harbor below, wildflowers at the cliff edge, golden hour light, romantic yet bittersweet wartime atmosphere","1944년 도싯 절벽 위 톰과 엘레노어의 프러포즈 회상","(George) The night before D-Day, Tom asked Eleanor to marry him. She said yes. The next morning, the boats left for Normandy. That was the last time he saw her.","Tom_young,Eleanor_young",dorset_cliffs,"cinematic photorealistic, warm golden hour lighting, film grain, 1940s wartime aesthetic",scene,10.6,208.155,218.712,S005
"Wide shot of a small military cemetery on the Dorset coast, white crosses in rows against a gray sky, the sea visible in the background, Sophie kneeling at a weathered gravestone brushing away moss, seagulls overhead, wind blowing through the grass, isolated emotional atmosphere",도싯 군묘지에서 묘비 앞에 무릎 꿇은 소피,"In England Sophie hit a wall. The British Red Cross had no record of an Eleanor Parish. Three weeks of calls two dead-end leads.",Sophie,dorset_cemetery,"cinematic photorealistic, warm golden hour lighting, film grain, 1940s wartime aesthetic",scene,8.2,218.712,226.889,S006
"Medium shot of Sophie walking through London streets in the rain with a folder of documents under her arm, looking frustrated and exhausted, 1994 London architecture in background, gray overcast light, puddles reflecting city lights, determined but weary body language",런던에서 단서를 찾아 헤매는 소피,"One Eleanor Parish in Surrey who turned out to be a dentist born in 1955.",Sophie,red_cross_archives,"cinematic photorealistic, warm golden hour lighting, film grain, 1940s wartime aesthetic",narration,8.2,226.889,235.067,S006
"Close-up of Sophie kneeling at a weathered gravestone in the Dorset cemetery, her hand brushing moss from the carved letters, the sea visible in the soft background, seagulls circling, overcast coastal light, wind rippling through grass, tense moment of discovery",도싯 묘지에서 묘비의 이끼를 닦는 소피,"Then a clerk mentioned the bombing records. June 7, 1944 — a Luftwaffe strike on a field hospital. The casualty list included ""E. Parish."" She found the grave. Knelt down. Brushed away the moss.",Sophie,dorset_cemetery,"cinematic photorealistic, warm golden hour lighting, film grain, 1940s wartime aesthetic",scene,15.0,235.067,250.067,S006
"Extreme close-up of a gravestone reading Edith Parish 1921-1944 with freshly cleared moss around the carved letters, Sophie's fingers resting on the stone, coastal wind-blown grass at the edges, overcast diffused light, relief and shock mingling in the atmosphere","에디스 패리쉬 묘비 클로즈업 — 엘레노어가 아니다","""""Edith Parish. 1921–1944."" Edith. Not Eleanor. A different woman. A different nurse. The same initial. Eleanor had survived.",Sophie,dorset_cemetery,"cinematic photorealistic, warm golden hour lighting, film grain, 1940s wartime aesthetic",reaction,11.6,250.067,261.621,S006
"Medium shot of Sophie in the British Red Cross archives, large room with rows of filing cabinets, fluorescent lighting overhead, she holds open an old manila folder reading a typewritten document, dust motes in the air, stacks of documents on the table, institutional atmosphere, shock on her face",적십자 기록보관소에서 두 번째 실수를 발견하는 소피,"At the British Red Cross archives, Sophie found the second mistake. Eleanor's file contained a note: ""Informed that PFC Thomas Bennett was killed in action at Omaha Beach.""",Sophie,red_cross_archives,"cinematic photorealistic, warm golden hour lighting, film grain, 1940s wartime aesthetic",scene,11.6,261.621,273.248,S006
"Close-up of a typewritten military document in Sophie's trembling hands, the words Killed in Action visible, a red cross stamp in the corner, fluorescent archive light casting harsh shadows, the devastating bureaucratic error that separated two lovers for fifty years",전사 통보 문서 클로즈업,"Killed in action. Except Tom hadn't died. He'd been wounded and survived.",Sophie,red_cross_archives,"cinematic photorealistic, warm golden hour lighting, film grain, 1940s wartime aesthetic",reaction,5.2,273.248,278.423,S006
"Wide shot of the Red Cross archives room, Sophie sitting alone at a long table surrounded by open files and documents, her head bowed in emotional weight, fluorescent lights creating a cold institutional atmosphere, the enormity of the clerical tragedy visible in her posture",두 건의 행정 오류로 50년이 흐른 비극을 깨닫는 소피,"Two clerical errors. Two single letters. In the chaos of the largest military operation in history, two people who loved each other spent fifty years believing the other was dead.",Sophie,red_cross_archives,"cinematic photorealistic, warm golden hour lighting, film grain, 1940s wartime aesthetic",narration,12.8,278.423,291.174,S006
"Close-up of Sophie weeping at the archive table, tears falling onto the old documents, her hands covering her face, harsh fluorescent light overhead contrasting with the emotional warmth of her grief, files and folders spread around her, profound sadness",기록보관소에서 울고 있는 소피,"Sophie sat in that archive and wept.",Sophie,red_cross_archives,"cinematic photorealistic, warm golden hour lighting, film grain, 1940s wartime aesthetic",reaction,2.5,291.174,293.658,S006
"Medium shot of Sophie in a London hotel room at night, sitting on the bed edge holding a phone to her ear, the pocket watch open on the nightstand, city lights through the window, warm bedside lamp creating intimate atmosphere, her expression shifting from shock to determination",호텔에서 아버지에게 전화하는 소피,"(Sophie) Dad. Eleanor is alive. She's been alive this whole time. (Richard) I know. (Sophie) What? (Richard) He found out. About ten years ago. A buddy sent him an article. Eleanor Parish — alive, living in England.","Sophie,Richard",eleanor_flat,"cinematic photorealistic, warm golden hour lighting, film grain, 1940s wartime aesthetic",dialogue,13.9,293.658,307.592,S007
"Close-up of Sophie's face in the hotel room, phone pressed to her ear, disbelief and anguish in her expression, warm lamp light on one side of her face and cool blue window light on the other, tears forming, the emotional weight of her father's revelation",할아버지가 알고도 가지 못했다는 사실에 충격받는 소피,"(Sophie) And he didn't go to her? (Richard) Your grandmother was still alive. He loved her too. Not the same way — but he loved her. He couldn't break her heart to mend his own.","Sophie,Richard",eleanor_flat,"cinematic photorealistic, warm golden hour lighting, film grain, 1940s wartime aesthetic",dialogue,10.5,307.592,318.099,S007
"Medium shot of Sophie holding the open pocket watch in her palm, the hotel room dimly lit, the watch face catching lamplight, her expression shifting from grief to urgent purpose, city lights blurred through the window behind her, the ticking watch dominating the intimate frame",포켓워치를 바라보며 긴급함을 느끼는 소피,"(Richard) He carried that knowledge for ten years. Knowing she was out there. Knowing he couldn't go. That's what finally made him quiet. Sophie looked at the watch. The ticking sounded different now. Not patient. Urgent.","Sophie,Richard",eleanor_flat,"cinematic photorealistic, warm golden hour lighting, film grain, 1940s wartime aesthetic",narration,15.0,318.099,333.072,S007
"Wide establishing shot of a charming stone cottage in a Cotswolds village, ivy-covered walls, colorful autumn garden in front, gravel path leading to a wooden door, birds in the hedgerows, warm golden afternoon light filtering through the trees, quintessential English countryside, Sophie walking up the garden path nervously",코츠월드 엘레노어의 집에 도착하는 소피,"The cottage was small. Stone walls covered in ivy. A garden loved for decades. Sophie walked up the path, her heart in her throat.",Sophie,eleanor_cottage,"cinematic photorealistic, warm golden hour lighting, film grain, 1940s wartime aesthetic",scene,10.5,333.072,343.576,S008
"Medium shot from Sophie's perspective of the cottage door opening to reveal Eleanor Parish at seventy, white hair pinned back neatly, clear blue eyes, wearing a lavender cardigan, warm gentle expression, the cottage interior glowing behind her with a fireplace, afternoon light catching her silver hair",문을 여는 70세의 엘레노어,"The door opened. Eleanor Parish. Seventy years old. White hair pinned back. Eyes the color of the English Channel. (Eleanor) Can I help you, dear?","Sophie,Eleanor_old",eleanor_cottage,"cinematic photorealistic, warm golden hour lighting, film grain, 1940s wartime aesthetic",dialogue,10.0,343.576,353.613,S008
"Over-the-shoulder shot from Sophie's viewpoint into the cottage hallway, a framed black-and-white photograph of a young American soldier (Tom) visible on the wall behind Eleanor, warm interior light, Eleanor in the foreground, the photograph a mirror of the one from the attic, profound moment of connection",엘레노어 어깨 너머로 벽의 톰 사진을 발견하는 소피,"Over Eleanor's shoulder, on the wall, Sophie saw a photograph. A young American soldier. The same photograph from the attic. Fifty years on her wall. (Sophie) My name is Sophie Bennett. I'm Tom's granddaughter.","Sophie,Eleanor_old",eleanor_cottage,"cinematic photorealistic, warm golden hour lighting, film grain, 1940s wartime aesthetic",scene,13.9,353.613,367.489,S008
"Extreme close-up of Eleanor's face, blue eyes wide with shock and filling with tears, one hand reaching toward Sophie, warm afternoon doorway light illuminating her white hair like a halo, overwhelming emotion of recognition and memory flooding back",톰의 눈을 가진 소피를 알아보는 엘레노어,"(Eleanor) Oh my God. You have his eyes.",Eleanor_old,eleanor_cottage,"cinematic photorealistic, warm golden hour lighting, film grain, 1940s wartime aesthetic",reaction,2.0,367.489,369.503,S008
"Medium shot of Eleanor's sitting room, fireplace crackling, Eleanor seated in a floral armchair carefully unfolding the yellowed letter on the table with trembling gentle hands, Sophie watching across from her, teacups on the side table, warm golden firelight, intimate emotional atmosphere",편지를 조심스럽게 펼치는 엘레노어,"Sophie placed the letter on the table. Eleanor unfolded it with the gentleness of someone handling a living thing. She read the first lines. Tears tracked down her cheeks. Then she stopped. (Eleanor) This isn't Tom's handwriting.","Sophie,Eleanor_old",eleanor_sitting_room,"cinematic photorealistic, warm golden hour lighting, film grain, 1940s wartime aesthetic",scene,14.6,369.503,384.114,S009
"Close-up of Eleanor holding the letter, her expression shifting from tender tears to puzzled recognition, firelight dancing on the yellowed paper, her aged fingers tracing the elegant handwriting, the photograph of young Tom on the wall visible in the soft background",이 글씨가 톰의 것이 아님을 깨닫는 엘레노어,"(Sophie) What? (Eleanor) Tom's handwriting was terrible — big, crooked letters. This is beautiful. But it's not his. Eleanor closed her eyes. A memory surfaced — supply crates in the field hospital, labeled in elegant copperplate.","Sophie,Eleanor_old",eleanor_sitting_room,"cinematic photorealistic, warm golden hour lighting, film grain, 1940s wartime aesthetic",dialogue,14.7,384.114,398.855,S009
"Close-up of Eleanor smiling through tears, eyes closed in fond memory, firelight warm on her face, a bittersweet expression of love and understanding, the letter resting in her lap, her white hair glowing in the warm light",눈물 속에 미소 짓는 엘레노어 — 조지의 필체를 알아보다,"(Eleanor) George Whitfield. He wrote Tom's letters for him. Eleanor smiled through her tears.","Eleanor_old",eleanor_sitting_room,"cinematic photorealistic, warm golden hour lighting, film grain, 1940s wartime aesthetic",reaction,5.5,398.855,404.320,S009
"Medium shot of Eleanor speaking animatedly despite her tears, hands gesturing as she describes Tom's inability to write, fireplace glowing behind her, the letter on the table between her and Sophie, warm intimate cottage atmosphere, the love in her voice visible in her expression",톰의 투박한 손과 조지의 대필에 대해 말하는 엘레노어,"(Eleanor) Tom couldn't write. He could build anything with his hands, but words defeated him. So he spoke the words, and George wrote them down. Every word in this letter came from Tom's mouth.",Eleanor_old,eleanor_sitting_room,"cinematic photorealistic, warm golden hour lighting, film grain, 1940s wartime aesthetic",dialogue,12.9,404.320,417.254,S009
"Extreme close-up of Eleanor's trembling aged hands holding a magnifying glass over the bottom of the letter, the smudged messy handwriting of the last two lines becoming legible, firelight catching the glass, shallow depth of field, tears on Eleanor's cheeks, profound revelatory moment",돋보기로 편지 마지막 두 줄을 읽는 엘레노어,"Eleanor picked up a magnifying glass. Her hands trembled over the bottom of the letter. (Eleanor) But this part — the last two lines — this IS Tom's handwriting. She read aloud, each word pulled from the blur of fifty-year-old ink.","Eleanor_old",eleanor_sitting_room,"cinematic photorealistic, warm golden hour lighting, film grain, 1940s wartime aesthetic",scene,14.8,417.254,432.099,S009
"Extreme close-up of the bottom of the letter showing messy, crooked handwriting reading the final lines, tears dropping onto the paper, warm firelight, the contrast between George's elegant script above and Tom's raw honest scrawl below, emotionally devastating intimacy","편지 하단의 톰의 투박한 필체 클로즈업 — I love you is all I know","(Eleanor) I can't write pretty words. But I love you is all I know. — Tom",Eleanor_old,two_letters,"cinematic photorealistic, warm golden hour lighting, film grain, 1940s wartime aesthetic",reaction,4.7,432.099,436.752,S009
"Wide shot of Eleanor's sitting room, the fireplace casting warm dancing light, Eleanor clutching the letter to her chest, Sophie wiping her own tears across the table, the photograph of young Tom on the wall watching over them both, teacups untouched, a moment of profound truth revealed",50년간 숨겨진 톰의 진심이 드러난 순간,"That was what the ink had hidden for half a century. Not George's poetry. Just Tom. Raw, honest Tom. Saying the only thing that mattered in the only way he knew how.","Sophie,Eleanor_old",eleanor_sitting_room,"cinematic photorealistic, warm golden hour lighting, film grain, 1940s wartime aesthetic",narration,12.0,436.752,448.797,S009
"Montage-style composition: a young soldier lying wounded in a hospital bed being told devastating news, dissolving into an image of the same man decades older folding a letter into a pocket watch, dim hospital lighting transitioning to warm amber lamplight, the weight of fifty years of silence",병원에서 엘레노어의 사망 소식을 듣는 톰과 50년간 편지를 품은 삶,"He never sent it. Because when he woke in the hospital, they told him Eleanor was dead. And you don't mail a letter to a ghost. So he folded it into his watch and carried it against his chest for fifty years.","Tom_young,Tom_old",hospital_southampton,"cinematic photorealistic, warm golden hour lighting, film grain, 1940s wartime aesthetic",narration,14.4,448.797,463.167,S009
"Medium shot of Eleanor and Sophie in the cottage sitting room as evening settles, dim golden lamplight, Eleanor's face etched with decades of longing, Sophie leaning forward with compassionate urgency, the pocket watch between them on the table, intimate and heavy atmosphere",엘레노어에게 톰의 죽음을 전하는 소피,"(Sophie) Eleanor... would you have wanted to hear his voice? (Eleanor) I've rehearsed what I would say to that man every night for fifty years. (Sophie) He passed away three weeks ago. (Eleanor) Fifty years I waited. And I was three weeks too late.","Sophie,Eleanor_old",eleanor_sitting_room,"cinematic photorealistic, warm golden hour lighting, film grain, 1940s wartime aesthetic",dialogue,13.2,463.167,476.370,S010
"Close-up of Eleanor's aged fingertips gently touching the black-and-white photograph of young Tom on the wall, evening light casting long shadows, tears on her cheeks, the photograph showing a young soldier with a shy smile, fifty years of goodnight wishes in a single gesture",벽의 톰 사진을 어루만지는 엘레노어,"She touched the photograph on the wall with her fingertips. (Eleanor) Every night, I said goodnight to this photograph. I told myself he could hear me. (Sophie) It wasn't foolish. (Eleanor) No. I suppose it wasn't.","Sophie,Eleanor_old",eleanor_sitting_room,"cinematic photorealistic, warm golden hour lighting, film grain, 1940s wartime aesthetic",dialogue,10.9,476.370,487.274,S010
"Wide shot of Eleanor standing at Tom's gravestone in the Pennsylvania cemetery, autumn golden sunset light, the brass pocket watch held in her aged hands, fallen leaves scattered around the base of the headstone, a 70-year-old British woman finally meeting her lost love, bittersweet peaceful atmosphere",톰의 묘비 앞에 선 엘레노어,"Eleanor crossed the Atlantic for the first time at seventy. She stood at Tom's grave, the pocket watch in her hands.",Eleanor_old,tom_grave,"cinematic photorealistic, warm golden hour lighting, film grain, 1940s wartime aesthetic",scene,7.1,487.274,494.356,S011
"Medium close-up of Eleanor kneeling at Tom's gravestone, speaking to it as if he could hear, warm tears and a gentle smile on her face, golden sunset light creating a halo effect, the pocket watch placed on top of the headstone, autumn leaves in the foreground, deeply personal and tender",톰의 묘비에 말을 거는 엘레노어,"(Eleanor) I got your letter, Tom. It only took fifty years. And that last line — in your terrible, beautiful handwriting — that's the finest thing anyone has ever written to me.",Eleanor_old,tom_grave,"cinematic photorealistic, warm golden hour lighting, film grain, 1940s wartime aesthetic",dialogue,12.1,494.356,506.453,S011
"Medium shot of Eleanor laughing softly at Tom's grave, a clear bell-like laugh, then turning to hand Sophie a sealed yellowed envelope, golden sunset light bathing the cemetery, autumn leaves falling gently, a moment of unexpected joy amid grief, warm and transcendent atmosphere",묘지에서 웃으며 소피에게 봉투를 건네는 엘레노어,"She laughed. A small, clear laugh, like a bell. (Eleanor) You owe me a kitchen, Thomas Bennett. A kitchen big enough to dance in. That evening, Eleanor handed Sophie a sealed envelope. Yellowed. Never opened.","Sophie,Eleanor_old",tom_grave,"cinematic photorealistic, warm golden hour lighting, film grain, 1940s wartime aesthetic",scene,14.2,506.453,520.646,S011
"Close-up of Sophie's hands carefully opening the yellowed sealed envelope, neat feminine handwriting visible on the letter inside, warm indoor lamplight, the pocket watch and Tom's letter visible on the table nearby, two letters from the same night finally reunited, emotional intimacy",엘레노어의 편지를 여는 소피,"(Eleanor) I wrote this on June 5th, 1944. The same night he wrote his. I was going to give it to him when he came back. Inside, in careful handwriting:","Sophie,Eleanor_old",two_letters,"cinematic photorealistic, warm golden hour lighting, film grain, 1940s wartime aesthetic",narration,11.0,520.646,531.596,S011
"Extreme close-up of Eleanor's letter in careful feminine handwriting on yellowed paper, warm firelight illuminating the words, the pocket watch lying open beside it, shallow depth of field, the emotional weight of fifty years of waiting captured in ink and paper",엘레노어의 편지 클로즈업 — 돌아와요 토마스 베넷,"""Come back to me, Thomas Bennett. I don't care if it takes a week or a year. I'll be waiting. I'll always be waiting.""",Eleanor_old,two_letters,"cinematic photorealistic, warm golden hour lighting, film grain, 1940s wartime aesthetic",narration,6.4,531.596,538.025,S011
"Overhead shot of two old letters side by side on a wooden table, one in elegant copperplate with smudged final lines, one in neat feminine script from a yellowed envelope, the brass pocket watch open between them, warm firelight casting dancing shadows, symbolic composition of love finally united",같은 밤에 쓰인 두 통의 편지가 나란히 놓인 모습,"Two letters. Written on the same night. Kept for fifty years. Never sent. Never received. And yet, somehow, they found each other.","Sophie,Eleanor_old",two_letters,"cinematic photorealistic, warm golden hour lighting, film grain, 1940s wartime aesthetic",narration,10.5,538.025,548.503,S012
"Soft-focus interior of Eleanor's cottage, Eleanor lying peacefully in her floral armchair, the pocket watch in one hand and Tom's letter in the other, the photograph of young Tom on the wall still smiling, spring light filtering through lace curtains, flowers on the windowsill, serene and transcendent atmosphere",엘레노어의 평화로운 마지막 — 편지와 포켓워치를 쥔 채,"Eleanor passed away the following spring. In her cottage. The watch in one hand, Tom's letter in the other, his photograph on the wall — the young soldier, still smiling.",Eleanor_old,eleanor_sitting_room,"cinematic photorealistic, warm golden hour lighting, film grain, 1940s wartime aesthetic",narration,11.7,548.503,560.183,S012
"Extreme close-up of the open pocket watch with two letters folded together inside, resting on a lace doily, soft spring light, the brass warm and worn, the two sets of handwriting barely visible through the thin paper, a symbol of love finally united, peaceful closure",포켓워치 안에 함께 접힌 두 통의 편지,"Inside the watch now were two letters. Folded together. Finally together.",Eleanor_old,pocket_watch_close,"cinematic photorealistic, warm golden hour lighting, film grain, 1940s wartime aesthetic",narration,6.0,560.183,566.141,S012
"Wide shot of Sophie standing alone at a cemetery overlook in Pennsylvania, autumn sunset light painting the sky gold and amber, the pocket watch in her hands, bare trees framing the scene, a contemplative figure silhouetted against the horizon, looking out with quiet understanding and peace",묘지 언덕에서 포켓워치를 든 소피의 독백,"I used to wonder why I flew across an ocean for a man I barely visited when he was alive. Now I know. I was delivering the words he never said — and learning to say my own before it was too late.",Sophie,cemetery_pennsylvania,"cinematic photorealistic, warm golden hour lighting, film grain, 1940s wartime aesthetic",narration,13.4,566.141,579.545,S012
"Final shot: Sophie walking away down a leaf-covered cemetery path at golden sunset, the pocket watch visible in her hand catching the last light, bare autumn trees creating a natural archway, warm golden tones fading to soft amber, a sense of completion and hope, the story ending as it began with the watch",가을 묘지 길을 걸어가는 소피 — 편지는 결국 전해졌다,"My grandfather couldn't write pretty words. But he loved her. And she waited. And in the end, the letter found its way.",Sophie,cemetery_pennsylvania,"cinematic photorealistic, warm golden hour lighting, film grain, 1940s wartime aesthetic",narration,9.2,579.545,588.769,S012